,Company_Number,Company_Creation_Date,total_products,total_transactions,total_revenue,total_usage,total_accounts,HQ_Employee_Count,HQ_Country,NAICS2,NAICS3,Business_Code,COUNTRY,STATE,Location_Type,BEMFAB__Marketability_,Owns_Rents_Code,Manufacturing_Indicator,Legal_Status_Code,Import_Export_Agent_Code,Status_Code,Population_Code,Revenue_Range,Global_Ultimate_Indicator,Major_Industry_Category_Name,Related_Industries,Line_of_Business,churned,Churn_date_in_yrs
1,74815,10/29/2001 13:24,3,35,34257.08,19138,1,100,United States,52-Finance and Insurance,522-Credit Intermediation and Related Activities,USA,United States,CO,Single Location,O,NO,No,0,G,SINGLE,9,Less than $1 mil,N,"Finance, Insurance, Real Estate",Banking,"National commercial banks, nsk",Yes,8.883382936
2,103674,5/21/2004 12:52,2,9,-22210.07,0,1,550,missing,53-Real Estate and Rental and Leasing,532-Rental and Leasing Services,USA,United States,GA,HQ,M,NO,No,3,H,HeadQuater,9,$1 bil and above,N,Services,Car & Truck Rental; Management Consulting,Passenger car leasing,Yes,8.894748984
3,174726,3/15/2006 11:18,3,76,17596.27,39390,1,100,United States,81-Other Services (except Public Administration),"813-Religious, Grantmaking, Civic, Professional, and Similar Organizations",USA,United States,IL,HQ,M,UNKNOWN,No,3,G,HeadQuater,9,$10 mil to less than $25 mil,Y,Services,Non-Profit & Professional Orgs.; Healthcare,"Social services, nec, nsk",Yes,9.326753927
4,267601,12/1/2004 17:45,4,112,19680.55,94471,1,100,United States,52-Finance and Insurance,"523-Securities, Commodity Contracts, and Other Financial Investments and Related Activities",USA,United States,NY,HQ,M,NO,No,3,G,HeadQuater,9,$10 mil to less than $25 mil,Y,"Finance, Insurance, Real Estate",Brokerage,"Security brokers and dealers, nsk",Yes,9.159835742
5,273635,12/13/2007 11:19,2,8,628.44,391,1,64,United States,81-Other Services (except Public Administration),"813-Religious, Grantmaking, Civic, Professional, and Similar Organizations",USA,United States,MD,HQ,M,UNKNOWN,No,3,G,HeadQuater,8,$10 mil to less than $25 mil,Y,Services,Non-Profit & Professional Orgs.,Professional organizations,Yes,9.229357105
6,320831,10/19/2009 12:20,2,15,3374.88,7025,1,100,missing,missing,missing,USA,United States,FL,missing,missing,missing,missing,missing,missing,missing,missing,missing,missing,missing,missing,missing,Yes,5.993899868
7,329129,3/12/2010 16:05,3,211,72433.05,645778,1,100,United States,"54-Professional, Scientific, and Technical Services","541-Professional, Scientific, and Technical Services",USA,United States,NJ,HQ,M,NO,No,3,G,HeadQuater,8,$10 mil to less than $25 mil,Y,Services,Management Consulting,Management consulting services,Yes,10.54152569
8,375358,7/29/2011 10:46,2,8,2.39,27,1,100,United States,"54-Professional, Scientific, and Technical Services","541-Professional, Scientific, and Technical Services",USA,United States,DC,HQ,M,UNKNOWN,No,3,G,HeadQuater,9,$10 mil to less than $25 mil,Y,Services,Management Consulting,Management consulting services,Yes,9.205726213
9,409549,10/4/2012 10:33,3,102,24063.9,318960,1,100,United States,52-Finance and Insurance,522-Credit Intermediation and Related Activities,USA,United States,KS,HQ,M,NO,No,3,G,HeadQuater,7,$500 mil to less than $1 bil,N,"Finance, Insurance, Real Estate",Banking,"Central reserve depository, nec",Yes,9.403517344
10,414340,12/19/2012 6:17,2,16,91.92,4207,77,100,missing,33-Manufacturing,333-Machinery Manufacturing,APAC,Simplified Chinese,Shanghai,HQ,M,UNKNOWN,Yes,120,G,HeadQuater,0,$50 mil to less than $100 mil,N,Wholesale Trade,Industrial Machinery & Equipment; Other,Industrial machinery and equipment,Yes,8.102726997
11,415429,1/11/2013 5:49,3,79,8744.64,229730,3,100,missing,33-Manufacturing,333-Machinery Manufacturing,EMEA,missing,missing,HQ,M,UNKNOWN,Yes,3,B,HeadQuater,0,$1 bil and above,N,Manufacturing,"Industrial Machinery & Equipment; Batteries, Power Storage & Generators","Pumps and pumping equipment, nsk",Yes,9.296783932
12,415437,1/11/2013 6:58,2,66,1481.79,63024,1,100,missing,33-Manufacturing,333-Machinery Manufacturing,EMEA,missing,missing,HQ,M,UNKNOWN,Yes,3,B,HeadQuater,0,$1 bil and above,N,Manufacturing,"Industrial Machinery & Equipment; Batteries, Power Storage & Generators","Pumps and pumping equipment, nsk",Yes,9.703038756
13,415442,1/11/2013 8:21,2,37,835.64,5698,2,100,missing,33-Manufacturing,333-Machinery Manufacturing,EMEA,missing,missing,Single Location,M,UNKNOWN,Yes,3,B,SINGLE,0,$50 mil to less than $100 mil,N,Wholesale Trade,"Industrial Machinery & Equipment; Rental - Other; Other; Batteries, Power Storage & Generators; Manufacturing",Industrial machinery and equipment,Yes,9.282808612
14,415555,1/14/2013 6:54,2,24,1080.96,2425,1,100,missing,33-Manufacturing,333-Machinery Manufacturing,EMEA,missing,missing,HQ,M,UNKNOWN,Yes,3,G,HeadQuater,0,Less than $1 mil,N,"Finance, Insurance, Real Estate",Real Estate,"Real property lessors, nec, nsk",Yes,9.498223901
15,415615,1/14/2013 10:49,2,19,324.72,1348,1,100,missing,33-Manufacturing,333-Machinery Manufacturing,EMEA,missing,missing,Single Location,M,UNKNOWN,Yes,3,G,SINGLE,0,Less than $1 mil,N,Mining,Metals & Minerals; Industrial Machinery & Equipment; Manufacturing,"Metal mining services, nsk",Yes,9.230267308
16,415632,1/14/2013 11:49,2,67,3669.26,80531,1,100,missing,33-Manufacturing,333-Machinery Manufacturing,EMEA,missing,missing,HQ,M,UNKNOWN,Yes,3,H,HeadQuater,0,$100 mil to less than $250 mil,N,Manufacturing,"Industrial Machinery & Equipment; Batteries, Power Storage & Generators","Air and gas compressors, nsk",Yes,10.36435439
17,415847,1/16/2013 3:38,4,41,718.91,2150,1,100,missing,33-Manufacturing,333-Machinery Manufacturing,APAC,missing,missing,HQ,M,UNKNOWN,Yes,0,A,HeadQuater,0,Less than $1 mil,N,Manufacturing,Manufacturing; Miscellaneous Building Materials; Industrial Machinery & Equipment; Other,"Iron and steel forgings, nsk",Yes,8.669480517
18,415854,1/16/2013 4:20,3,43,4630.82,65688,1,100,missing,33-Manufacturing,333-Machinery Manufacturing,APAC,missing,missing,HQ,M,UNKNOWN,Yes,0,B,HeadQuater,0,$100 mil to less than $250 mil,N,Wholesale Trade,"Plumbing & HVAC Equipment; Industrial Machinery & Equipment; Plastic, Packaging & Containers",Warm air heating and air conditioning,Yes,9.657537649
19,415861,1/16/2013 4:44,2,16,788.51,85,1,100,missing,33-Manufacturing,333-Machinery Manufacturing,EMEA,France,missing,HQ,M,UNKNOWN,Yes,3,H,HeadQuater,0,$25 mil to less than $50 mil,N,Manufacturing,Industrial Machinery & Equipment,"Pumps and pumping equipment, nsk",Yes,9.680362364
20,415868,1/16/2013 5:04,4,21,200.19,3035,1,100,missing,33-Manufacturing,333-Machinery Manufacturing,APAC,missing,missing,HQ,M,UNKNOWN,Yes,3,C,HeadQuater,0,Less than $1 mil,N,Wholesale Trade,Industrial Machinery & Equipment,Industrial machinery and equipment,Yes,8.48951433
21,415878,1/16/2013 6:01,2,42,1547.55,9942,1,100,missing,33-Manufacturing,333-Machinery Manufacturing,EMEA,missing,missing,Single Location,M,UNKNOWN,Yes,3,C,SINGLE,0,Less than $1 mil,N,Wholesale Trade,Plumbing & HVAC Equipment; Chemicals; Industrial Machinery & Equipment; Other; Wire & Cable,Warm air heating and air conditioning,Yes,9.437228423
22,415908,1/16/2013 9:13,2,87,1682.83,148442,1,100,missing,33-Manufacturing,333-Machinery Manufacturing,EMEA,missing,missing,HQ,M,UNKNOWN,Yes,3,B,HeadQuater,0,$10 mil to less than $25 mil,N,Wholesale Trade,Industrial Machinery & Equipment,Construction and mining machinery,Yes,9.916592651
23,415975,1/17/2013 8:52,3,37,493.43,595,1,100,missing,33-Manufacturing,333-Machinery Manufacturing,EMEA,missing,missing,Single Location,M,UNKNOWN,Yes,3,G,SINGLE,0,$10 mil to less than $25 mil,N,Manufacturing,"Batteries, Power Storage & Generators","Turbines and turbine generator sets, nsk",Yes,8.752854816
24,415980,1/17/2013 10:02,4,82,4166.61,121580,7,100,missing,33-Manufacturing,333-Machinery Manufacturing,EMEA,missing,missing,Single Location,M,UNKNOWN,Yes,3,B,SINGLE,0,$50 mil to less than $100 mil,N,Wholesale Trade,Industrial Machinery & Equipment; Rental - Other,"Industrial supplies, nsk",Yes,8.625079078
25,415990,1/17/2013 10:43,2,24,393.91,1896,1,100,missing,33-Manufacturing,333-Machinery Manufacturing,EMEA,missing,missing,HQ,M,UNKNOWN,Yes,0,G,HeadQuater,0,$10 mil to less than $25 mil,N,Wholesale Trade,Industrial Machinery & Equipment; Plumbing & HVAC Equipment; Chemicals; Other; Consumer Electronics & Computers,"Industrial supplies, nsk",Yes,9.349699163
26,416046,1/17/2013 15:55,2,38,618.53,13230,2,100,missing,33-Manufacturing,333-Machinery Manufacturing,USA,missing,Sao Paulo,missing,missing,missing,missing,missing,missing,missing,missing,missing,missing,missing,missing,missing,Yes,6.184673221
27,416306,1/21/2013 11:15,3,27,1363.32,28313,1,100,missing,33-Manufacturing,333-Machinery Manufacturing,EMEA,missing,missing,HQ,M,UNKNOWN,Yes,3,B,HeadQuater,0,$50 mil to less than $100 mil,N,Manufacturing,Industrial Machinery & Equipment,Mining machinery,Yes,8.941121006
28,416386,1/22/2013 6:14,3,29,209.34,2152,1,100,missing,33-Manufacturing,333-Machinery Manufacturing,EMEA,missing,missing,Single Location,X,UNKNOWN,Yes,3,G,SINGLE,0,Less than $1 mil,N,Wholesale Trade,Motor Vehicle Dealers,"Automobiles and other motor vehicles, nsk",Yes,8.82939308
29,416394,1/22/2013 7:16,2,36,1457.14,5201,1,100,missing,33-Manufacturing,333-Machinery Manufacturing,EMEA,missing,missing,Single Location,M,UNKNOWN,Yes,3,G,SINGLE,0,Less than $1 mil,N,Wholesale Trade,Miscellaneous Building Materials,"Construction materials, nec, nsk",Yes,9.383238567
30,416399,1/22/2013 7:51,3,53,1262.25,26444,1,100,missing,33-Manufacturing,333-Machinery Manufacturing,EMEA,missing,missing,HQ,M,UNKNOWN,Yes,3,B,HeadQuater,0,$1 bil and above,Y,Services,Business Services,"Business services, nec, nsk",Yes,9.095203413
31,416402,1/22/2013 8:42,2,19,179.48,109,1,100,missing,33-Manufacturing,333-Machinery Manufacturing,EMEA,missing,missing,Branch,O,UNKNOWN,Yes,120,G,BRANCH,0,$10 mil to less than $25 mil,N,Public Administration,Other,Nonclassifiable establishments,Yes,9.059397186
32,416626,1/23/2013 15:57,2,27,582.2,5424,1,100,missing,33-Manufacturing,333-Machinery Manufacturing,USA,missing,Colombia,HQ,M,UNKNOWN,Yes,12,B,HeadQuater,0,$25 mil to less than $50 mil,N,Wholesale Trade,"Industrial Machinery & Equipment; Architecture, Engineering & Design; Engineering; Other; Rental - Other; Commercial & Residential Construction","Commercial equipment, nec",Yes,9.779343767
33,416627,1/23/2013 15:57,1,15,84.06,0,1,100,missing,33-Manufacturing,333-Machinery Manufacturing,USA,missing,Venezuela,Single Location,X,UNKNOWN,Yes,3,C,SINGLE,0,Less than $1 mil,N,Wholesale Trade,Plumbing & HVAC Equipment; Consumer Appliances,Warm air heating and air conditioning,Yes,9.685131392
34,420189,3/6/2013 0:43,3,68,4943.83,108353,2,100,missing,33-Manufacturing,333-Machinery Manufacturing,missing,missing,missing,missing,missing,missing,missing,missing,missing,missing,missing,missing,missing,missing,missing,missing,Yes,5.96376518
35,420192,3/6/2013 1:09,3,49,377.09,17238,1,100,missing,33-Manufacturing,333-Machinery Manufacturing,APAC,missing,New South Wales,HQ,M,UNKNOWN,Yes,3,G,HeadQuater,0,$250 mil to less than $500 mil,N,Services,Engineering; Industrial Machinery & Equipment; Rental - Other; Other,"Engineering services, nsk",Yes,8.875344305
36,420932,3/19/2013 11:37,1,16,0,0,1,300,United States,"54-Professional, Scientific, and Technical Services","541-Professional, Scientific, and Technical Services",USA,United States,MN,Branch,M,UNKNOWN,No,0,G,BRANCH,9,Less than $1 mil,N,Services,Advertising & Marketing,"Direct mail advertising services, nsk",Yes,9.540501589
37,421250,3/22/2013 11:44,2,31,268.9,11631,1,100,missing,33-Manufacturing,333-Machinery Manufacturing,EMEA,United Kingdom,missing,Single Location,S,UNKNOWN,Yes,0,G,SINGLE,0,Less than $1 mil,N,Public Administration,Other,Nonclassifiable establishments,Yes,9.33824702
38,421476,3/27/2013 12:01,2,17,64.74,358,1,100,missing,33-Manufacturing,333-Machinery Manufacturing,EMEA,United Kingdom,missing,Single Location,O,UNKNOWN,Yes,3,G,SINGLE,0,$10 mil to less than $25 mil,N,Services,Rental - Other,"Equipment rental and leasing, nec",Yes,9.063745951
39,421478,3/27/2013 12:04,3,32,3292.49,102578,1,100,missing,33-Manufacturing,333-Machinery Manufacturing,EMEA,France,missing,HQ,X,UNKNOWN,Yes,13,G,HeadQuater,0,Less than $1 mil,Y,Wholesale Trade,Other,"Nondurable goods, nec, nsk",Yes,9.079353054
40,422266,4/12/2013 11:55,2,42,1871.28,16433,2,100,missing,33-Manufacturing,333-Machinery Manufacturing,USA,missing,Estado de Mexico,missing,missing,missing,missing,missing,missing,missing,missing,missing,missing,missing,missing,missing,Yes,6.220666458
41,422407,4/16/2013 6:55,2,17,66.06,535,1,100,missing,33-Manufacturing,333-Machinery Manufacturing,EMEA,missing,missing,Single Location,M,UNKNOWN,Yes,3,G,SINGLE,0,Less than $1 mil,N,"Finance, Insurance, Real Estate",Finance,"Trusts, nec",Yes,9.212270689
42,422445,4/16/2013 11:58,2,22,149.54,10607,1,100,missing,33-Manufacturing,333-Machinery Manufacturing,missing,missing,missing,missing,missing,missing,missing,missing,missing,missing,missing,missing,missing,missing,missing,missing,Yes,6.056888034
43,427072,6/26/2013 9:17,1,10,88.62,8449,1,280,United States,51-Information,"518-Data Processing, Hosting, and Related Services",USA,United States,MN,Single Location,M,UNKNOWN,No,0,G,SINGLE,9,Less than $1 mil,N,Services,Business Services,"Business services, nec, nsk",Yes,9.521985389
44,437974,1/20/2014 5:04,3,63,2925.66,116104,2,100,missing,33-Manufacturing,333-Machinery Manufacturing,EMEA,missing,missing,HQ,M,UNKNOWN,Yes,3,G,HeadQuater,0,$25 mil to less than $50 mil,N,Services,Rental - Other,"Equipment rental and leasing, nec",Yes,9.596237819
45,440776,3/12/2014 16:21,2,53,1574.69,7479,1,100,missing,33-Manufacturing,333-Machinery Manufacturing,USA,United States,NY,Single Location,O,UNKNOWN,No,0,G,SINGLE,7,Less than $1 mil,N,Public Administration,Other,Nonclassifiable establishments,Yes,9.536209825
46,447082,4/7/2014 9:38,2,59,12932.92,1341,1,100,Bahrain,52-Finance and Insurance,"523-Securities, Commodity Contracts, and Other Financial Investments and Related Activities",EMEA,missing,missing,Single Location,M,UNKNOWN,Yes,0,G,SINGLE,0,$10 mil to less than $25 mil,N,"Finance, Insurance, Real Estate",Brokerage,"Security brokers and dealers, nsk",Yes,9.441674943
47,447789,4/23/2014 6:54,3,75,10597.58,548311,2,100,missing,33-Manufacturing,333-Machinery Manufacturing,EMEA,missing,missing,missing,missing,missing,missing,missing,missing,missing,missing,missing,missing,missing,missing,missing,Yes,6.026753345
48,474280,9/18/2015 13:22,1,38,252.5,7240,1,125,Brazil,51-Information,512-Motion Picture and Sound Recording Industries,USA,missing,Sao Paulo,HQ,M,UNKNOWN,Yes,12,G,HeadQuater,0,$25 mil to less than $50 mil,Y,Services,Film/Video Production & Services; Advertising & Marketing,"Motion picture and tape distribution, nsk",Yes,10.35277215
49,477756,12/22/2015 10:26,2,43,1937.66,2894,1,4,Brazil,56-Administrative and Support and Waste Management and Remediation Services,561-Administrative and Support Services,USA,missing,Sao Paulo,HQ,X,UNKNOWN,Yes,0,G,HeadQuater,0,Less than $1 mil,Y,"Agriculture, Forestry, Fishing",Agriculture,Lawn and garden services,Yes,9.732207488
50,503107,1/19/2018 4:53,3,49,279.32,12528,1,100,missing,33-Manufacturing,333-Machinery Manufacturing,missing,missing,missing,missing,missing,missing,missing,missing,missing,missing,missing,missing,missing,missing,missing,missing,Yes,5.808985064
51,539573,7/13/2018 20:18,2,5,139.19,515,1,100,United States,92-Public Administration,"921-Executive, Legislative, and Other General Government Support",missing,missing,missing,missing,missing,missing,missing,missing,missing,missing,missing,missing,missing,missing,missing,missing,Yes,5.903916775
52,540648,7/17/2018 3:42,2,41,1537.77,4441,2,100,missing,33-Manufacturing,333-Machinery Manufacturing,missing,missing,missing,missing,missing,missing,missing,missing,missing,missing,missing,missing,missing,missing,missing,missing,Yes,6.211668149
53,542869,8/10/2018 14:27,1,1,0,0,27,1206,Germany,42-Wholesale Trade,"424-Merchant Wholesalers, Nondurable Goods",missing,missing,missing,missing,missing,missing,missing,missing,missing,missing,missing,missing,missing,missing,missing,missing,Yes,5.211905551
54,556844,8/20/2019 3:38,1,2,14.96,0,1,1425,China,missing,missing,missing,missing,missing,missing,missing,missing,missing,missing,missing,missing,missing,missing,missing,missing,missing,missing,Yes,5.49803109
55,556851,8/20/2019 4:58,1,1,3.72,0,1,1177,China,33-Manufacturing,334-Computer and Electronic Product Manufacturing,missing,missing,missing,missing,missing,missing,missing,missing,missing,missing,missing,missing,missing,missing,missing,missing,Yes,5.651823364
56,556939,9/5/2019 0:19,1,1,0.1,1,1,100,China,"54-Professional, Scientific, and Technical Services","541-Professional, Scientific, and Technical Services",missing,missing,missing,missing,missing,missing,missing,missing,missing,missing,missing,missing,missing,missing,missing,missing,Yes,6.358780859
